{"cameraMode":{"drawMode":0,"name":"Shaded","section":"Shading Mode"},"sceneLighting":true,"audioPlay":false,"sceneViewState":{"showFog":true,"showMaterialUpdate":false,"showSkybox":true,"showFlares":true,"showImageEffects":true,"showParticleSystems":true},"in2DMode":false,"pivot":{"x":770.9107666015625,"y":233.56777954101563,"z":303.79791259765627},"rotation":{"x":-0.25735703110694888,"y":0.13197526335716248,"z":-0.03550562262535095,"w":-0.9566027522087097},"size":284.94708251953127,"orthographic":false}