{"cameraMode":{"drawMode":0,"name":"Shaded","section":"Shading Mode"},"sceneLighting":true,"audioPlay":false,"sceneViewState":{"showFog":false,"showMaterialUpdate":false,"showSkybox":true,"showFlares":false,"showImageEffects":false,"showParticleSystems":false},"in2DMode":false,"pivot":{"x":640.3385620117188,"y":252.4221649169922,"z":763.9322509765625},"rotation":{"x":-0.0990009531378746,"y":0.9004083871841431,"z":-0.31717631220817568,"w":-0.28089863061904909},"size":7.522050857543945,"orthographic":false}