{"cameraMode":{"drawMode":0,"name":"Shaded","section":"Shading Mode"},"sceneLighting":true,"audioPlay":false,"sceneViewState":{"showFog":true,"showMaterialUpdate":false,"showSkybox":true,"showFlares":true,"showImageEffects":true,"showParticleSystems":true},"in2DMode":false,"pivot":{"x":526.9154052734375,"y":180.27003479003907,"z":705.6484375},"rotation":{"x":-0.21703848242759705,"y":-0.5484612584114075,"z":0.15002138912677766,"w":-0.7934713363647461},"size":49.41130828857422,"orthographic":false}