{"cameraMode":{"drawMode":0,"name":"Shaded","section":"Shading Mode"},"sceneLighting":true,"audioPlay":false,"sceneViewState":{"showFog":true,"showMaterialUpdate":false,"showSkybox":true,"showFlares":true,"showImageEffects":true,"showParticleSystems":true},"in2DMode":false,"pivot":{"x":559.91064453125,"y":-43.78643798828125,"z":362.6456604003906},"rotation":{"x":-0.408669650554657,"y":0.30980345606803896,"z":-0.1497693657875061,"w":-0.845342218875885},"size":386.3280029296875,"orthographic":false}