{"cameraMode":{"drawMode":0,"name":"Shaded","section":"Shading Mode"},"sceneLighting":true,"audioPlay":false,"sceneViewState":{"showFog":true,"showMaterialUpdate":false,"showSkybox":true,"showFlares":true,"showImageEffects":true,"showParticleSystems":true},"in2DMode":false,"pivot":{"x":854.32958984375,"y":53.4061164855957,"z":997.426513671875},"rotation":{"x":-0.2664634883403778,"y":0.3879501521587372,"z":-0.11822812259197235,"w":-0.8743646740913391},"size":593.2059326171875,"orthographic":false}