{"cameraMode":{"drawMode":0,"name":"Shaded","section":"Shading Mode"},"sceneLighting":true,"audioPlay":false,"sceneViewState":{"showFog":true,"showMaterialUpdate":false,"showSkybox":true,"showFlares":true,"showImageEffects":true,"showParticleSystems":true},"in2DMode":false,"pivot":{"x":421.19244384765627,"y":74.48859405517578,"z":170.09075927734376},"rotation":{"x":0.26000913977622988,"y":-0.21502366662025453,"z":0.05950944498181343,"w":0.9394801259040833},"size":754.2074584960938,"orthographic":false}